frequency_hz,normalized_trace_db,insertion_loss_db
950000000.0,-1.987305,1.987305
951600000.0,-1.90918,1.90918
953200000.0,-1.914062,1.914062
954800000.0,-1.928711,1.928711
956400000.0,-1.855469,1.855469
958000000.0,-1.889648,1.889648
959600000.0,-1.845703,1.845703
961200000.0,-1.816406,1.816406
962800000.0,-1.806641,1.806641
964400000.0,-1.777344,1.777344
966000000.0,-1.713867,1.713867
967600000.0,-1.694336,1.694336
969200000.0,-1.601562,1.601562
970800000.0,-1.5625,1.5625
972400000.0,-1.499023,1.499023
974000000.0,-1.489258,1.489258
975600000.0,-1.44043,1.44043
977200000.0,-1.411133,1.411133
978800000.0,-1.39625,1.39625
980400000.0,-1.37207,1.37207
982000000.0,-1.337891,1.337891
983600000.0,-1.308594,1.308594
985200000.0,-1.28418,1.28418
986800000.0,-1.308594,1.308594
988400000.0,-1.303711,1.303711
990000000.0,-1.269531,1.269531
991600000.0,-1.298828,1.298828
993200000.0,-1.274414,1.274414
994800000.0,-1.279297,1.279297
996400000.0,-1.293945,1.293945
998000000.0,-1.323242,1.323242
999600000.0,-1.328125,1.328125
1001200000.0,-1.328125,1.328125
1002800000.0,-1.357422,1.357422
1004400000.0,-1.416016,1.416016
1006000000.0,-1.44043,1.44043
1007600000.0,-1.455078,1.455078
1009200000.0,-1.513672,1.513672
1010800000.0,-1.538086,1.538086
1012400000.0,-1.567383,1.567383
1014000000.0,-1.582031,1.582031
1015600000.0,-1.630859,1.630859
1017200000.0,-1.669922,1.669922
1018800000.0,-1.713867,1.713867
1020400000.0,-1.772461,1.772461
1022000000.0,-1.796875,1.796875
1023600000.0,-1.811758,1.811758
1025200000.0,-1.826172,1.826172
1026800000.0,-1.870117,1.870117
1028400000.0,-1.933594,1.933594
1030000000.0,-1.918945,1.918945
1031600000.0,-1.992188,1.992188
1033200000.0,-1.962891,1.962891
1034800000.0,-2.006836,2.006836
1036400000.0,-1.99707,1.99707
1038000000.0,-2.021484,2.021484
1039600000.0,-2.036133,2.036133
1041200000.0,-2.036133,2.036133
1042800000.0,-2.011719,2.011719
1044400000.0,-2.016602,2.016602
1046000000.0,-2.006836,2.006836
1047600000.0,-2.001953,2.001953
1049200000.0,-1.967773,1.967773
1050800000.0,-1.967773,1.967773
1052400000.0,-1.918945,1.918945
1054000000.0,-1.90918,1.90918
1055600000.0,-1.870117,1.870117
1057200000.0,-1.850586,1.850586
1058800000.0,-1.786406,1.786406
1060400000.0,-1.777344,1.777344
1062000000.0,-1.772461,1.772461
1063600000.0,-1.718047,1.718047
1065200000.0,-1.68457,1.68457
1066800000.0,-1.650391,1.650391
1068400000.0,-1.616211,1.616211
1070000000.0,-1.625977,1.625977
1071600000.0,-1.552734,1.552734
1073200000.0,-1.542969,1.542969
1074800000.0,-1.542969,1.542969
1076400000.0,-1.547852,1.547852
1078000000.0,-1.503906,1.503906
1079600000.0,-1.479492,1.479492
1081200000.0,-1.464844,1.464844
1082800000.0,-1.494141,1.494141
1084400000.0,-1.455078,1.455078
1086000000.0,-1.464844,1.464844
1087600000.0,-1.459961,1.459961
1089200000.0,-1.459961,1.459961
1090800000.0,-1.464844,1.464844
1092400000.0,-1.455078,1.455078
1094000000.0,-1.474609,1.474609
1095600000.0,-1.503906,1.503906
1097200000.0,-1.435547,1.435547
1098800000.0,-1.523672,1.523672
1100400000.0,-1.494141,1.494141
1102000000.0,-1.489258,1.489258
1103600000.0,-1.469727,1.469727
1105200000.0,-1.52832,1.52832
1106800000.0,-1.499023,1.499023
1108400000.0,-1.479492,1.479492
1110000000.0,-1.445312,1.445312
1111600000.0,-1.411133,1.411133
1113200000.0,-1.396719,1.396719
1114800000.0,-1.420898,1.420898
1116400000.0,-1.396484,1.396484
1118000000.0,-1.362305,1.362305
1119600000.0,-1.328125,1.328125
1121200000.0,-1.303711,1.303711
1122800000.0,-1.293945,1.293945
1124400000.0,-1.264648,1.264648
1126000000.0,-1.21582,1.21582
1127600000.0,-1.152344,1.152344
1129200000.0,-1.088867,1.088867
1130800000.0,-1.083984,1.083984
1132400000.0,-1.044922,1.044922
1134000000.0,-0.9960938,0.9960938
1135600000.0,-0.9228516,0.9228516
1137200000.0,-0.9814453,0.9814453
1138800000.0,-0.9033203,0.9033203
1140400000.0,-0.8740234,0.8740234
1142000000.0,-0.8398438,0.8398438
1143600000.0,-0.8154297,0.8154297
1145200000.0,-0.7958984,0.7958984
1146800000.0,-0.7568359,0.7568359
1148400000.0,-0.7958984,0.7958984
1150000000.0,-0.8056641,0.8056641
1151600000.0,-0.8056641,0.8056641
1153200000.0,-0.8154297,0.8154297
1154800000.0,-0.8789062,0.8789062
1156400000.0,-0.8789062,0.8789062
1158000000.0,-0.9277344,0.9277344
1159600000.0,-0.9716797,0.9716797
1161200000.0,-0.9912109,0.9912109
1162800000.0,-1.030273,1.030273
1164400000.0,-1.171875,1.171875
1166000000.0,-1.196289,1.196289
1167600000.0,-1.293945,1.293945
1169200000.0,-1.445312,1.445312
1170800000.0,-1.533203,1.533203
1172400000.0,-1.586914,1.586914
1174000000.0,-1.762695,1.762695
1175600000.0,-1.879883,1.879883
1177200000.0,-1.962891,1.962891
1178800000.0,-2.158203,2.158203
1180400000.0,-2.236328,2.236328
1182000000.0,-2.333984,2.333984
1183600000.0,-2.460938,2.460938
1185200000.0,-2.597656,2.597656
1186800000.0,-2.724609,2.724609
1188400000.0,-2.783203,2.783203
1190000000.0,-2.871094,2.871094
1191600000.0,-2.988281,2.988281
1193200000.0,-3.071289,3.071289
1194800000.0,-3.081055,3.081055
1196400000.0,-3.208008,3.208008
1198000000.0,-3.261719,3.261719
1199600000.0,-3.295898,3.295898
1201200000.0,-3.320312,3.320312
1202800000.0,-3.359375,3.359375
1204400000.0,-3.40332,3.40332
1206000000.0,-3.4375,3.4375
1207600000.0,-3.422852,3.422852
1209200000.0,-3.486328,3.486328
1210800000.0,-3.4375,3.4375
1212400000.0,-3.383789,3.383789
1214000000.0,-3.432617,3.432617
1215600000.0,-3.422852,3.422852
1217200000.0,-3.374023,3.374023
1218800000.0,-3.334961,3.334961
1220400000.0,-3.369141,3.369141
1222000000.0,-3.349609,3.349609
1223600000.0,-3.310547,3.310547
1225200000.0,-3.266602,3.266602
1226800000.0,-3.168945,3.168945
1228400000.0,-3.178477,3.178477
1230000000.0,-3.120117,3.120117
1231600000.0,-3.149414,3.149414
1233200000.0,-3.061523,3.061523
1234800000.0,-3.076172,3.076172
1236400000.0,-3.00293,3.00293
1238000000.0,-2.998047,2.998047
1239600000.0,-2.929688,2.929688
1241200000.0,-2.895508,2.895508
1242800000.0,-2.895508,2.895508
1244400000.0,-2.841797,2.841797
1246000000.0,-2.856445,2.856445
1247600000.0,-2.817383,2.817383
1249200000.0,-2.744141,2.744141
1250800000.0,-2.739258,2.739258
1252400000.0,-2.714844,2.714844
1254000000.0,-2.65625,2.65625
1255600000.0,-2.587891,2.587891
1257200000.0,-2.529297,2.529297
1258800000.0,-2.441406,2.441406
1260400000.0,-2.397461,2.397461
1262000000.0,-2.30957,2.30957
1263600000.0,-2.329102,2.329102
1265200000.0,-2.22168,2.22168
1266800000.0,-2.177734,2.177734
1268400000.0,-2.124023,2.124023
1270000000.0,-1.99707,1.99707
1271600000.0,-1.884766,1.884766
1273200000.0,-1.855703,1.855703
1274800000.0,-1.743164,1.743164
1276400000.0,-1.611328,1.611328
1278000000.0,-1.577148,1.577148
1279600000.0,-1.474609,1.474609
1281200000.0,-1.416016,1.416016
1282800000.0,-1.342773,1.342773
1284400000.0,-1.196289,1.196289
1286000000.0,-1.157227,1.157227
1287600000.0,-1.05957,1.05957
1289200000.0,-1.000977,1.000977
1290800000.0,-0.9130859,0.9130859
1292400000.0,-0.8789062,0.8789062
1294000000.0,-0.8642578,0.8642578
1295600000.0,-0.8740234,0.8740234
1297200000.0,-0.8740234,0.8740234
1298800000.0,-0.8544922,0.8544922
1300400000.0,-0.8691406,0.8691406
1302000000.0,-0.8935547,0.8935547
1303600000.0,-1.005859,1.005859
1305200000.0,-1.064453,1.064453
1306800000.0,-1.108398,1.108398
1308400000.0,-1.137695,1.137695
1310000000.0,-1.279297,1.279297
1311600000.0,-1.381836,1.381836
1313200000.0,-1.52832,1.52832
1314800000.0,-1.621094,1.621094
1316400000.0,-1.743164,1.743164
1318000000.0,-1.816406,1.816406
1319600000.0,-1.972656,1.972656
1321200000.0,-2.026367,2.026367
1322800000.0,-2.094727,2.094727
1324400000.0,-2.15332,2.15332
1326000000.0,-2.324219,2.324219
1327600000.0,-2.436523,2.436523
1329200000.0,-2.475586,2.475586
1330800000.0,-2.539062,2.539062
1332400000.0,-2.578125,2.578125
1334000000.0,-2.734375,2.734375
1335600000.0,-2.875977,2.875977
1337200000.0,-3.022461,3.022461
1338800000.0,-3.173828,3.173828
1340400000.0,-3.325195,3.325195
1342000000.0,-3.47168,3.47168
1343600000.0,-3.667461,3.667461
1345200000.0,-3.828125,3.828125
1346800000.0,-4.067383,4.067383
1348400000.0,-4.292461,4.292461
1350000000.0,-4.521484,4.521484
1351600000.0,-4.667969,4.667969
1353200000.0,-4.858633,4.858633
1354800000.0,-5.03418,5.03418
1356400000.0,-5.209961,5.209961
1358000000.0,-5.400859,5.400859
1359600000.0,-5.512695,5.512695
1361200000.0,-5.65918,5.65918
1362800000.0,-5.800781,5.800781
1364400000.0,-5.878906,5.878906
1366000000.0,-5.864258,5.864258
1367600000.0,-6.044922,6.044922
1369200000.0,-5.981445,5.981445
1370800000.0,-6.064453,6.064453
1372400000.0,-6.015625,6.015625
1374000000.0,-6.035156,6.035156
1375600000.0,-5.996094,5.996094
1377200000.0,-6.000977,6.000977
1378800000.0,-6.010742,6.010742
1380400000.0,-5.893555,5.893555
1382000000.0,-5.864258,5.864258
1383600000.0,-5.664062,5.664062
1385200000.0,-5.717773,5.717773
1386800000.0,-5.546875,5.546875
1388400000.0,-5.429688,5.429688
1390000000.0,-5.341797,5.341797
1391600000.0,-5.302734,5.302734
1393200000.0,-5.234609,5.234609
1394800000.0,-5.126953,5.126953
1396400000.0,-5.053711,5.053711
1398000000.0,-4.882812,4.882812
1399600000.0,-4.868164,4.868164
1401200000.0,-4.80957,4.80957
1402800000.0,-4.648438,4.648438
1404400000.0,-4.555664,4.555664
1406000000.0,-4.56543,4.56543
1407600000.0,-4.448242,4.448242
1409200000.0,-4.360352,4.360352
1410800000.0,-4.306641,4.306641
1412400000.0,-4.213867,4.213867
1414000000.0,-4.140625,4.140625
1415600000.0,-4.042969,4.042969
1417200000.0,-3.989258,3.989258
1418800000.0,-3.955078,3.955078
1420400000.0,-3.87207,3.87207
1422000000.0,-3.774414,3.774414
1423600000.0,-3.671875,3.671875
1425200000.0,-3.662109,3.662109
1426800000.0,-3.71582,3.71582
1428400000.0,-3.549805,3.549805
1430000000.0,-3.476562,3.476562
1431600000.0,-3.408203,3.408203
1433200000.0,-3.393555,3.393555
1434800000.0,-3.334961,3.334961
1436400000.0,-3.251953,3.251953
1438000000.0,-3.203125,3.203125
1439600000.0,-3.15918,3.15918
1441200000.0,-3.15918,3.15918
1442800000.0,-3.066406,3.066406
1444400000.0,-3.017578,3.017578
1446000000.0,-2.963867,2.963867
1447600000.0,-2.93457,2.93457
1449200000.0,-2.875977,2.875977
1450800000.0,-2.822266,2.822266
1452400000.0,-2.797852,2.797852
1454000000.0,-2.822266,2.822266
1455600000.0,-2.719727,2.719727
1457200000.0,-2.783203,2.783203
1458800000.0,-2.729492,2.729492
1460400000.0,-2.77832,2.77832
1462000000.0,-2.768555,2.768555
1463600000.0,-2.792969,2.792969
1465200000.0,-2.807617,2.807617
1466800000.0,-2.890625,2.890625
1468400000.0,-2.895508,2.895508
1470000000.0,-2.93457,2.93457
1471600000.0,-3.061523,3.061523
1473200000.0,-3.085703,3.085703
1474800000.0,-3.188477,3.188477
1476400000.0,-3.295898,3.295898
1478000000.0,-3.305664,3.305664
1479600000.0,-3.466797,3.466797
1481200000.0,-3.515625,3.515625
1482800000.0,-3.598633,3.598633
1484400000.0,-3.710938,3.710938
1486000000.0,-3.779297,3.779297
1487600000.0,-3.862305,3.862305
1489200000.0,-4.038086,4.038086
1490800000.0,-4.09668,4.09668
1492400000.0,-4.174805,4.174805
1494000000.0,-4.306641,4.306641
1495600000.0,-4.375,4.375
1497200000.0,-4.482422,4.482422
1498800000.0,-4.580078,4.580078
1500400000.0,-4.667969,4.667969
1502000000.0,-4.775391,4.775391
1503600000.0,-4.838867,4.838867
1505200000.0,-5.048828,5.048828
1506800000.0,-5.097656,5.097656
1508400000.0,-5.12207,5.12207
1510000000.0,-5.297852,5.297852
1511600000.0,-5.424805,5.424805
1513200000.0,-5.483398,5.483398
1514800000.0,-5.625,5.625
1516400000.0,-5.722656,5.722656
1518000000.0,-5.898438,5.898438
1519600000.0,-6.044922,6.044922
1521200000.0,-6.137695,6.137695
1522800000.0,-6.333008,6.333008
1524400000.0,-6.489258,6.489258
1526000000.0,-6.606445,6.606445
1527600000.0,-6.748047,6.748047
1529200000.0,-6.943359,6.943359
1530800000.0,-7.03125,7.03125
1532400000.0,-7.182617,7.182617
1534000000.0,-7.37793,7.37793
1535600000.0,-7.539062,7.539062
1537200000.0,-7.583008,7.583008
1538800000.0,-7.773906,7.773906
1540400000.0,-7.875977,7.875977
1542000000.0,-7.822266,7.822266
1543600000.0,-8.037578,8.037578
1545200000.0,-8.120117,8.120117
1546800000.0,-8.15918,8.15918
1548400000.0,-8.188477,8.188477
1550000000.0,-8.256836,8.256836
1551600000.0,-8.251953,8.251953
1553200000.0,-8.222656,8.222656
1554800000.0,-8.178711,8.178711
1556400000.0,-8.178711,8.178711
1558000000.0,-8.081055,8.081055
1559600000.0,-8.017578,8.017578
1561200000.0,-8.032227,8.032227
1562800000.0,-7.973633,7.973633
1564400000.0,-7.827148,7.827148
1566000000.0,-7.768555,7.768555
1567600000.0,-7.665547,7.665547
1569200000.0,-7.583008,7.583008
1570800000.0,-7.451172,7.451172
1572400000.0,-7.348633,7.348633
1574000000.0,-7.172852,7.172852
1575600000.0,-7.094727,7.094727
1577200000.0,-6.899414,6.899414
1578800000.0,-6.787109,6.787109
1580400000.0,-6.708984,6.708984
1582000000.0,-6.621094,6.621094
1583600000.0,-6.430195,6.430195
1585200000.0,-6.430664,6.430664
1586800000.0,-6.293945,6.293945
1588400000.0,-6.230469,6.230469
1590000000.0,-6.079102,6.079102
1591600000.0,-6.069336,6.069336
1593200000.0,-6.12793,6.12793
1594800000.0,-6.010742,6.010742
1596400000.0,-5.986328,5.986328
1598000000.0,-5.917969,5.917969
1599600000.0,-5.908203,5.908203
1601200000.0,-5.854492,5.854492
1602800000.0,-5.864258,5.864258
1604400000.0,-5.81543,5.81543
1606000000.0,-5.844727,5.844727
1607600000.0,-5.888672,5.888672
1609200000.0,-5.78125,5.78125
1610800000.0,-5.844727,5.844727
1612400000.0,-5.839844,5.839844
1614000000.0,-5.78125,5.78125
1615600000.0,-5.791016,5.791016
1617200000.0,-5.742188,5.742188
1618800000.0,-5.766602,5.766602
1620400000.0,-5.786133,5.786133
1622000000.0,-5.786133,5.786133
1623600000.0,-5.78125,5.78125
1625200000.0,-5.756836,5.756836
1626800000.0,-5.805664,5.805664
1628400000.0,-5.771484,5.771484
1630000000.0,-5.844727,5.844727
1631600000.0,-5.888672,5.888672
1633200000.0,-5.902383,5.902383
1634800000.0,-6.015625,6.015625
1636400000.0,-6.015625,6.015625
1638000000.0,-6.152344,6.152344
1639600000.0,-6.230469,6.230469
1641200000.0,-6.313477,6.313477
1642800000.0,-6.430664,6.430664
1644400000.0,-6.59668,6.59668
1646000000.0,-6.801758,6.801758
1647600000.0,-6.884766,6.884766
1649200000.0,-7.045898,7.045898
1650800000.0,-7.294922,7.294922
1652400000.0,-7.387695,7.387695
1654000000.0,-7.597656,7.597656
1655600000.0,-7.739258,7.739258
1657200000.0,-7.949219,7.949219
1658800000.0,-8.126172,8.126172
1660400000.0,-8.203125,8.203125
1662000000.0,-8.24707,8.24707
1663600000.0,-8.52586,8.52586
1665200000.0,-8.466797,8.466797
1666800000.0,-8.579102,8.579102
1668400000.0,-8.598633,8.598633
1670000000.0,-8.642578,8.642578
1671600000.0,-8.569336,8.569336
1673200000.0,-8.569336,8.569336
1674800000.0,-8.530273,8.530273
1676400000.0,-8.408203,8.408203
1678000000.0,-8.334492,8.334492
1679600000.0,-8.168945,8.168945
1681200000.0,-8.100586,8.100586
1682800000.0,-7.954102,7.954102
1684400000.0,-7.841797,7.841797
1686000000.0,-7.685547,7.685547
1687600000.0,-7.553711,7.553711
1689200000.0,-7.397461,7.397461
1690800000.0,-7.211914,7.211914
1692400000.0,-7.138672,7.138672
1694000000.0,-7.016602,7.016602
1695600000.0,-6.962891,6.962891
1697200000.0,-6.90918,6.90918
1698800000.0,-6.811523,6.811523
1700400000.0,-6.772461,6.772461
1702000000.0,-6.821289,6.821289
1703600000.0,-6.889648,6.889648
1705200000.0,-6.899414,6.899414
1706800000.0,-7.036133,7.036133
1708400000.0,-7.060547,7.060547
1710000000.0,-7.270508,7.270508
1711600000.0,-7.329102,7.329102
1713200000.0,-7.558594,7.558594
1714800000.0,-7.695312,7.695312
1716400000.0,-7.915039,7.915039
1718000000.0,-8.017578,8.017578
1719600000.0,-8.256836,8.256836
1721200000.0,-8.374023,8.374023
1722800000.0,-8.608398,8.608398
1724400000.0,-8.842773,8.842773
1726000000.0,-8.891602,8.891602
1727600000.0,-9.130859,9.130859
1729200000.0,-9.335938,9.335938
1730800000.0,-9.462891,9.462891
1732400000.0,-9.594727,9.594727
1734000000.0,-9.736328,9.736328
1735600000.0,-9.770508,9.770508
1737200000.0,-9.907227,9.907227
1738800000.0,-9.902344,9.902344
1740400000.0,-10.03418,10.03418
1742000000.0,-10.05859,10.05859
1743600000.0,-10.0293,10.0293
1745200000.0,-10.03906,10.03906
1746800000.0,-9.975586,9.975586
1748400000.0,-9.873047,9.873047
1750000000.0,-9.887695,9.887695
1751600000.0,-9.785156,9.785156
1753200000.0,-9.736328,9.736328
1754800000.0,-9.545898,9.545898
1756400000.0,-9.375,9.375
1758000000.0,-9.253164,9.253164
1759600000.0,-9.160156,9.160156
1761200000.0,-9.003906,9.003906
1762800000.0,-8.803477,8.803477
1764400000.0,-8.579102,8.579102
1766000000.0,-8.349609,8.349609
1767600000.0,-8.227539,8.227539
1769200000.0,-8.061523,8.061523
1770800000.0,-7.753906,7.753906
1772400000.0,-7.670898,7.670898
1774000000.0,-7.495117,7.495117
1775600000.0,-7.275391,7.275391
1777200000.0,-7.177734,7.177734
1778800000.0,-7.055664,7.055664
1780400000.0,-6.860352,6.860352
1782000000.0,-6.772461,6.772461
1783600000.0,-6.586914,6.586914
1785200000.0,-6.469727,6.469727
1786800000.0,-6.44043,6.44043
1788400000.0,-6.357891,6.357891
1790000000.0,-6.264648,6.264648
1791600000.0,-6.230469,6.230469
1793200000.0,-6.269531,6.269531
1794800000.0,-6.225586,6.225586
1796400000.0,-6.254883,6.254883
1798000000.0,-6.245117,6.245117
1799600000.0,-6.206055,6.206055
1801200000.0,-6.28418,6.28418
1802800000.0,-6.308594,6.308594
1804400000.0,-6.435547,6.435547
1806000000.0,-6.357422,6.357422
1807600000.0,-6.362305,6.362305
1809200000.0,-6.494141,6.494141
1810800000.0,-6.494141,6.494141
1812400000.0,-6.547852,6.547852
1814000000.0,-6.547852,6.547852
1815600000.0,-6.591797,6.591797
1817200000.0,-6.52832,6.52832
1818800000.0,-6.50414,6.50414
1820400000.0,-6.5625,6.5625
1822000000.0,-6.552734,6.552734
1823600000.0,-6.469727,6.469727
1825200000.0,-6.464844,6.464844
1826800000.0,-6.328125,6.328125
1828400000.0,-6.376719,6.376719
1830000000.0,-6.245117,6.245117
1831600000.0,-6.225586,6.225586
1833200000.0,-6.176758,6.176758
1834800000.0,-6.103516,6.103516
1836400000.0,-6.025391,6.025391
1838000000.0,-5.941914,5.941914
1839600000.0,-5.913086,5.913086
1841200000.0,-5.869141,5.869141
1842800000.0,-5.830078,5.830078
1844400000.0,-5.751953,5.751953
1846000000.0,-5.761719,5.761719
1847600000.0,-5.732422,5.732422
1849200000.0,-5.634766,5.634766
1850800000.0,-5.688477,5.688477
1852400000.0,-5.65918,5.65918
1854000000.0,-5.688477,5.688477
1855600000.0,-5.654297,5.654297
1857200000.0,-5.712891,5.712891
1858800000.0,-5.673828,5.673828
1860400000.0,-5.703125,5.703125
1862000000.0,-5.712891,5.712891
1863600000.0,-5.78125,5.78125
1865200000.0,-5.771484,5.771484
1866800000.0,-5.78125,5.78125
1868400000.0,-5.791016,5.791016
1870000000.0,-5.898438,5.898438
1871600000.0,-5.917969,5.917969
1873200000.0,-5.830078,5.830078
1874800000.0,-5.90332,5.90332
1876400000.0,-5.952148,5.952148
1878000000.0,-5.961445,5.961445
1879600000.0,-5.957031,5.957031
1881200000.0,-6.020508,6.020508
1882800000.0,-6.010742,6.010742
1884400000.0,-6.049805,6.049805
1886000000.0,-6.025391,6.025391
1887600000.0,-6.040039,6.040039
1889200000.0,-6.147461,6.147461
1890800000.0,-6.142578,6.142578
1892400000.0,-6.201172,6.201172
1894000000.0,-6.21582,6.21582
1895600000.0,-6.28418,6.28418
1897200000.0,-6.28418,6.28418
1898800000.0,-6.357422,6.357422
1900400000.0,-6.425781,6.425781
1902000000.0,-6.430664,6.430664
1903600000.0,-6.538086,6.538086
1905200000.0,-6.645508,6.645508
1906800000.0,-6.743164,6.743164
1908400000.0,-6.841523,6.841523
1910000000.0,-6.884766,6.884766
1911600000.0,-6.992188,6.992188
1913200000.0,-7.094727,7.094727
1914800000.0,-7.177734,7.177734
1916400000.0,-7.226562,7.226562
1918000000.0,-7.348633,7.348633
1919600000.0,-7.382812,7.382812
1921200000.0,-7.529297,7.529297
1922800000.0,-7.504883,7.504883
1924400000.0,-7.617188,7.617188
1926000000.0,-7.714844,7.714844
1927600000.0,-7.792969,7.792969
1929200000.0,-7.866211,7.866211
1930800000.0,-7.885742,7.885742
1932400000.0,-7.973633,7.973633
1934000000.0,-7.963867,7.963867
1935600000.0,-7.96875,7.96875
1937200000.0,-8.012695,8.012695
1938800000.0,-8.036641,8.036641
1940400000.0,-7.988281,7.988281
1942000000.0,-7.978516,7.978516
1943600000.0,-7.988281,7.988281
1945200000.0,-8.007812,8.007812
1946800000.0,-8.017578,8.017578
1948400000.0,-7.875273,7.875273
1950000000.0,-7.797852,7.797852
1951600000.0,-7.763672,7.763672
1953200000.0,-7.768086,7.768086
1954800000.0,-7.739258,7.739258
1956400000.0,-7.626953,7.626953
1958000000.0,-7.59207,7.59207
1959600000.0,-7.553711,7.553711
1961200000.0,-7.485352,7.485352
1962800000.0,-7.402344,7.402344
1964400000.0,-7.319336,7.319336
1966000000.0,-7.216797,7.216797
1967600000.0,-7.216797,7.216797
1969200000.0,-7.050781,7.050781
1970800000.0,-7.001953,7.001953
1972400000.0,-6.967773,6.967773
1974000000.0,-6.879883,6.879883
1975600000.0,-6.787109,6.787109
1977200000.0,-6.723633,6.723633
1978800000.0,-6.582031,6.582031
1980400000.0,-6.591797,6.591797
1982000000.0,-6.533203,6.533203
1983600000.0,-6.435547,6.435547
1985200000.0,-6.337891,6.337891
1986800000.0,-6.274414,6.274414
1988400000.0,-6.21582,6.21582
1990000000.0,-6.123047,6.123047
1991600000.0,-6.083984,6.083984
1993200000.0,-5.932617,5.932617
1994800000.0,-5.917969,5.917969
1996400000.0,-5.751953,5.751953
1998000000.0,-5.717773,5.717773
1999600000.0,-5.65918,5.65918
2001200000.0,-5.493164,5.493164
2002800000.0,-5.43457,5.43457
2004400000.0,-5.332031,5.332031
2006000000.0,-5.224609,5.224609
2007600000.0,-5.170898,5.170898
2009200000.0,-5.03418,5.03418
2010800000.0,-4.960938,4.960938
2012400000.0,-4.741211,4.741211
2014000000.0,-4.702148,4.702148
2015600000.0,-4.555664,4.555664
2017200000.0,-4.501953,4.501953
2018800000.0,-4.399414,4.399414
2020400000.0,-4.335938,4.335938
2022000000.0,-4.194336,4.194336
2023600000.0,-4.155273,4.155273
2025200000.0,-3.950195,3.950195
2026800000.0,-3.945312,3.945312
2028400000.0,-3.930664,3.930664
2030000000.0,-3.774414,3.774414
2031600000.0,-3.691406,3.691406
2033200000.0,-3.597695,3.597695
2034800000.0,-3.62793,3.62793
2036400000.0,-3.500977,3.500977
2038000000.0,-3.422852,3.422852
2039600000.0,-3.422852,3.422852
2041200000.0,-3.417969,3.417969
2042800000.0,-3.383789,3.383789
2044400000.0,-3.393555,3.393555
2046000000.0,-3.369141,3.369141
2047600000.0,-3.378906,3.378906
2049200000.0,-3.359375,3.359375
2050800000.0,-3.369141,3.369141
2052400000.0,-3.427734,3.427734
2054000000.0,-3.476562,3.476562
2055600000.0,-3.544922,3.544922
2057200000.0,-3.544922,3.544922
2058800000.0,-3.603516,3.603516
2060400000.0,-3.671875,3.671875
2062000000.0,-3.701172,3.701172
2063600000.0,-3.745117,3.745117
2065200000.0,-3.813477,3.813477
2066800000.0,-3.881836,3.881836
2068400000.0,-4.018555,4.018555
2070000000.0,-4.072266,4.072266
2071600000.0,-4.150391,4.150391
2073200000.0,-4.204102,4.204102
2074800000.0,-4.291992,4.291992
2076400000.0,-4.375,4.375
2078000000.0,-4.370117,4.370117
2079600000.0,-4.511719,4.511719
2081200000.0,-4.599609,4.599609
2082800000.0,-4.711914,4.711914
2084400000.0,-4.829102,4.829102
2086000000.0,-4.858398,4.858398
2087600000.0,-4.960938,4.960938
2089200000.0,-5.117188,5.117188
2090800000.0,-5.141602,5.141602
2092400000.0,-5.27832,5.27832
2094000000.0,-5.366211,5.366211
2095600000.0,-5.458984,5.458984
2097200000.0,-5.498047,5.498047
2098800000.0,-5.571289,5.571289
2100400000.0,-5.654297,5.654297
2102000000.0,-5.629883,5.629883
2103600000.0,-5.738008,5.738008
2105200000.0,-5.81543,5.81543
2106800000.0,-5.795898,5.795898
2108400000.0,-5.742188,5.742188
2110000000.0,-5.820312,5.820312
2111600000.0,-5.732422,5.732422
2113200000.0,-5.772188,5.772188
2114800000.0,-5.756836,5.756836
2116400000.0,-5.668945,5.668945
2118000000.0,-5.615234,5.615234
2119600000.0,-5.512695,5.512695
2121200000.0,-5.46875,5.46875
2122800000.0,-5.449219,5.449219
2124400000.0,-5.307617,5.307617
2126000000.0,-5.263672,5.263672
2127600000.0,-5.161133,5.161133
2129200000.0,-5.039062,5.039062
2130800000.0,-4.956055,4.956055
2132400000.0,-4.819336,4.819336
2134000000.0,-4.741211,4.741211
2135600000.0,-4.648438,4.648438
2137200000.0,-4.56543,4.56543
2138800000.0,-4.697266,4.697266
2140400000.0,-4.550781,4.550781
2142000000.0,-4.536133,4.536133
2143600000.0,-4.550781,4.550781
2145200000.0,-4.624023,4.624023
2146800000.0,-4.624023,4.624023
2148400000.0,-4.672852,4.672852
2150000000.0,-4.711914,4.711914
